hcity,,,,,,,,,,,,,
北京市,,,,,,,,,,,,,
晋城市,潞城市,,,,,,,,,,,,
赤峰市,鄂尔多斯市,包头市,,,,,,,,,,,
大连市,,,,,,,,,,,,,
延吉市,珲春市,,,,,,,,,,,,
伊春市,,,,,,,,,,,,,
上海市,,,,,,,,,,,,,
无锡市,苏州市,南通市,淮安市,扬州市,泰州市,江阴市,昆山市,常熟市,太仓市,海门市,张家港市,仪征市,如皋市
杭州市,绍兴市,舟山市,桐乡市,海宁市,,,,,,,,,
马鞍山市,铜陵市,,,,,,,,,,,,
福州市,厦门市,三明市,,,,,,,,,,,
青岛市,淄博市,烟台市,泰安市,威海市,莱芜市,临沂市,德州市,聊城市,滨州市,莱州市,招远市,蓬莱市,青州市
洛阳市,安阳市,濮阳市,平顶山市,登封市,荥阳市,新郑市,舞钢市,,,,,,
十堰市,,,,,,,,,,,,,
常德市,,,,,,,,,,,,,
深圳市,珠海市,汕头市,佛山市,肇庆市,惠州市,梅州市,河源市,中山市,,,,,
南宁市,桂林市,,,,,,,,,,,,
重庆市,,,,,,,,,,,,,
成都市,绵阳市,泸州市,广安市,,,,,,,,,,
贵阳市,凯里市,,,,,,,,,,,,
昆明市,玉溪市,安宁市,芒市,,,,,,,,,,
咸阳市,渭南市,,,,,,,,,,,,
金昌市,,,,,,,,,,,,,
格尔木市,,,,,,,,,,,,,
银川市,青铜峡市,,,,,,,,,,,,
阿克苏市,库尔勒市,昌吉市,,,,,,,,,,,
